{"cameraMode":{"drawMode":0,"name":"Shaded","section":"Shading Mode"},"sceneLighting":true,"audioPlay":false,"sceneViewState":{"showFog":true,"showMaterialUpdate":false,"showSkybox":true,"showFlares":true,"showImageEffects":true,"showParticleSystems":true},"in2DMode":false,"pivot":{"x":-16.98770523071289,"y":-9.052550315856934,"z":-8.559080123901368},"rotation":{"x":-0.09377163648605347,"y":0.8837584853172302,"z":-0.20116375386714936,"w":-0.4119599759578705},"size":34.491302490234378,"orthographic":false}