{"cameraMode":{"drawMode":0,"name":"Shaded","section":"Shading Mode"},"sceneLighting":false,"audioPlay":false,"sceneViewState":{"showFog":true,"showMaterialUpdate":false,"showSkybox":false,"showFlares":true,"showImageEffects":true,"showParticleSystems":true},"in2DMode":false,"pivot":{"x":-0.6722354888916016,"y":1.762693166732788,"z":9.571317672729493},"rotation":{"x":-0.05707390606403351,"y":0.08435768634080887,"z":-0.004839878063648939,"w":-0.9947879314422607},"size":2.8578836917877199,"orthographic":false}