{"cameraMode":{"drawMode":0,"name":"Shaded","section":"Shading Mode"},"sceneLighting":false,"audioPlay":false,"sceneViewState":{"showFog":true,"showMaterialUpdate":false,"showSkybox":false,"showFlares":true,"showImageEffects":true,"showParticleSystems":true},"in2DMode":false,"pivot":{"x":-1.902072787284851,"y":1.382340669631958,"z":4.836994647979736},"rotation":{"x":0.04171082749962807,"y":-0.8790404200553894,"z":0.07827404141426087,"w":0.4684242904186249},"size":4.128941535949707,"orthographic":false}