{"cameraMode":{"drawMode":0,"name":"Shaded","section":"Shading Mode"},"sceneLighting":true,"audioPlay":false,"sceneViewState":{"showFog":true,"showMaterialUpdate":false,"showSkybox":true,"showFlares":true,"showImageEffects":true,"showParticleSystems":true},"in2DMode":false,"pivot":{"x":-9.641877174377442,"y":1.8965981006622315,"z":204.23069763183595},"rotation":{"x":-0.20479744672775269,"y":-0.09791015088558197,"z":0.020594211295247079,"w":-0.9736773371696472},"size":16.679563522338868,"orthographic":false}