{"cameraMode":{"drawMode":0,"name":"Shaded","section":"Shading Mode"},"sceneLighting":false,"audioPlay":false,"sceneViewState":{"showFog":true,"showMaterialUpdate":false,"showSkybox":false,"showFlares":true,"showImageEffects":true,"showParticleSystems":true},"in2DMode":false,"pivot":{"x":2.369999885559082,"y":23.08488655090332,"z":-0.8999999761581421},"rotation":{"x":-0.09463900327682495,"y":-0.024788066744804384,"z":0.0023572221398353578,"w":-0.9952002167701721},"size":2.8578836917877199,"orthographic":false}