{"cameraMode":{"drawMode":0,"name":"Shaded","section":"Shading Mode"},"sceneLighting":false,"audioPlay":false,"sceneViewState":{"showFog":true,"showMaterialUpdate":false,"showSkybox":false,"showFlares":true,"showImageEffects":true,"showParticleSystems":true},"in2DMode":false,"pivot":{"x":0.9664896726608276,"y":1.5012538433074952,"z":6.401843070983887},"rotation":{"x":0.015894996002316476,"y":-0.9761404991149902,"z":0.07659882307052612,"w":0.2025579810142517},"size":3.2289416790008547,"orthographic":false}