{"cameraMode":{"drawMode":0,"name":"Shaded","section":"Shading Mode"},"sceneLighting":false,"audioPlay":false,"sceneViewState":{"showFog":true,"showMaterialUpdate":false,"showSkybox":false,"showFlares":true,"showImageEffects":true,"showParticleSystems":true},"in2DMode":false,"pivot":{"x":3.411895275115967,"y":-0.2895406484603882,"z":8.353724479675293},"rotation":{"x":-0.06994573771953583,"y":0.9299545884132385,"z":-0.26219502091407778,"w":-0.24808435142040254},"size":5.257884502410889,"orthographic":false}