{"cameraMode":{"drawMode":0,"name":"Shaded","section":"Shading Mode"},"sceneLighting":false,"audioPlay":false,"sceneViewState":{"showFog":true,"showMaterialUpdate":false,"showSkybox":false,"showFlares":true,"showImageEffects":true,"showParticleSystems":true},"in2DMode":false,"pivot":{"x":-1.5531275272369385,"y":-0.1313808262348175,"z":4.592601299285889},"rotation":{"x":0.028224166482686998,"y":-0.9679681658744812,"z":0.12734770774841309,"w":0.21453139185905457},"size":5.628942489624023,"orthographic":false}