{"cameraMode":{"drawMode":0,"name":"Shaded","section":"Shading Mode"},"sceneLighting":false,"audioPlay":false,"sceneViewState":{"showFog":true,"showMaterialUpdate":false,"showSkybox":false,"showFlares":true,"showImageEffects":true,"showParticleSystems":true},"in2DMode":false,"pivot":{"x":3.4318623542785646,"y":0.5,"z":2.693869113922119},"rotation":{"x":-0.12894967198371888,"y":-0.0008950658957473934,"z":0.00011644550249911845,"w":-0.9916507601737976},"size":8.688187599182129,"orthographic":false}