{"cameraMode":{"drawMode":0,"name":"Shaded","section":"Shading Mode"},"sceneLighting":false,"audioPlay":false,"sceneViewState":{"showFog":true,"showMaterialUpdate":false,"showSkybox":false,"showFlares":true,"showImageEffects":true,"showParticleSystems":true},"in2DMode":false,"pivot":{"x":6.905466079711914,"y":0.12016665190458298,"z":12.343109130859375},"rotation":{"x":-0.11533685773611069,"y":-0.0604572668671608,"z":0.007033068221062422,"w":-0.9914599657058716},"size":0.9713459610939026,"orthographic":false}