{"cameraMode":{"drawMode":0,"name":"Shaded","section":"Shading Mode"},"sceneLighting":true,"audioPlay":false,"sceneViewState":{"showFog":true,"showMaterialUpdate":false,"showSkybox":true,"showFlares":true,"showImageEffects":true,"showParticleSystems":true},"in2DMode":false,"pivot":{"x":5.1670756340026859,"y":-0.4420052766799927,"z":15.822504043579102},"rotation":{"x":-0.11533685773611069,"y":-0.0604572668671608,"z":0.007033068221062422,"w":-0.9914599657058716},"size":10.0,"orthographic":false}