{"cameraMode":{"drawMode":0,"name":"Shaded","section":"Shading Mode"},"sceneLighting":false,"audioPlay":false,"sceneViewState":{"showFog":true,"showMaterialUpdate":false,"showSkybox":false,"showFlares":true,"showImageEffects":true,"showParticleSystems":true},"in2DMode":false,"pivot":{"x":74.58120727539063,"y":-48.03085708618164,"z":124.06444549560547},"rotation":{"x":-0.10994575917720795,"y":-0.7876181602478027,"z":0.14723986387252809,"w":-0.5881240963935852},"size":4.792731761932373,"orthographic":false}