{"cameraMode":{"drawMode":0,"name":"Shaded","section":"Shading Mode"},"sceneLighting":true,"audioPlay":false,"sceneViewState":{"showFog":true,"showMaterialUpdate":false,"showSkybox":true,"showFlares":true,"showImageEffects":true,"showParticleSystems":true},"in2DMode":false,"pivot":{"x":-2.666627883911133,"y":7.504136085510254,"z":12.27308464050293},"rotation":{"x":0.09301082789897919,"y":0.5179610252380371,"z":0.05678222328424454,"w":-0.848434567451477},"size":11.365490913391114,"orthographic":false}