{"cameraMode":{"drawMode":0,"name":"Shaded","section":"Shading Mode"},"sceneLighting":false,"audioPlay":false,"sceneViewState":{"showFog":true,"showMaterialUpdate":true,"showSkybox":false,"showFlares":true,"showImageEffects":true,"showParticleSystems":true},"in2DMode":false,"pivot":{"x":2.369999885559082,"y":23.08488655090332,"z":-0.8999999761581421},"rotation":{"x":0.0719134509563446,"y":-0.0313725583255291,"z":0.002262453082948923,"w":0.996914803981781},"size":2.8578836917877199,"orthographic":false}