{"cameraMode":{"drawMode":0,"name":"Shaded","section":"Shading Mode"},"sceneLighting":true,"audioPlay":false,"sceneViewState":{"showFog":true,"showMaterialUpdate":true,"showSkybox":true,"showFlares":true,"showImageEffects":true,"showParticleSystems":true},"in2DMode":false,"pivot":{"x":2.6271824836730959,"y":1.0333383083343506,"z":1.692345142364502},"rotation":{"x":0.006456275470554829,"y":0.9921794533729553,"z":-0.11029592156410217,"w":0.05807936191558838},"size":4.408123016357422,"orthographic":false}