{"cameraMode":{"drawMode":0,"name":"Shaded","section":"Shading Mode"},"sceneLighting":true,"audioPlay":false,"sceneViewState":{"showFog":true,"showMaterialUpdate":true,"showSkybox":true,"showFlares":true,"showImageEffects":true,"showParticleSystems":true},"in2DMode":false,"pivot":{"x":-4.098044395446777,"y":2.858513355255127,"z":-32.416969299316409},"rotation":{"x":-0.002907262882217765,"y":-0.9931477904319763,"z":-0.025319619104266168,"w":0.1140524223446846},"size":31.96359634399414,"orthographic":false}