{"cameraMode":{"drawMode":0,"name":"Shaded","section":"Shading Mode"},"sceneLighting":false,"audioPlay":false,"sceneViewState":{"showFog":true,"showMaterialUpdate":true,"showSkybox":false,"showFlares":true,"showImageEffects":true,"showParticleSystems":true},"in2DMode":false,"pivot":{"x":3.759999990463257,"y":0.5,"z":7.979999542236328},"rotation":{"x":-0.053519975394010547,"y":0.6950994729995728,"z":-0.05202817916870117,"w":-0.7150282859802246},"size":2.8578836917877199,"orthographic":false}