{"cameraMode":{"drawMode":0,"name":"Shaded","section":"Shading Mode"},"sceneLighting":true,"audioPlay":false,"sceneViewState":{"showFog":true,"showMaterialUpdate":true,"showSkybox":true,"showFlares":true,"showImageEffects":true,"showParticleSystems":true},"in2DMode":false,"pivot":{"x":11.627498626708985,"y":-9.5367431640625e-7,"z":-14.575002670288086},"rotation":{"x":0.09510748833417893,"y":0.2712141275405884,"z":-0.02694200538098812,"w":0.9574297070503235},"size":45.41603469848633,"orthographic":false}