{"cameraMode":{"drawMode":0,"name":"Shaded","section":"Shading Mode"},"sceneLighting":false,"audioPlay":false,"sceneViewState":{"showFog":true,"showMaterialUpdate":true,"showSkybox":false,"showFlares":true,"showImageEffects":true,"showParticleSystems":true},"in2DMode":false,"pivot":{"x":-3.1964216232299806,"y":3.9000000953674318,"z":1.5483064651489258},"rotation":{"x":-0.04485931992530823,"y":0.43332991003990176,"z":-0.021602051332592965,"w":-0.8998590111732483},"size":0.9713454842567444,"orthographic":false}