{"cameraMode":{"drawMode":0,"name":"Shaded","section":"Shading Mode"},"sceneLighting":false,"audioPlay":false,"sceneViewState":{"showFog":true,"showMaterialUpdate":true,"showSkybox":false,"showFlares":true,"showImageEffects":true,"showParticleSystems":true},"in2DMode":false,"pivot":{"x":-2.0399999618530275,"y":1.0,"z":1.7699999809265137},"rotation":{"x":0.1418112814426422,"y":0.5835450887680054,"z":-0.10438690334558487,"w":0.7927597761154175},"size":4.041658878326416,"orthographic":false}