{"cameraMode":{"drawMode":0,"name":"Shaded","section":"Shading Mode"},"sceneLighting":true,"audioPlay":false,"sceneViewState":{"showFog":true,"showMaterialUpdate":true,"showSkybox":true,"showFlares":true,"showImageEffects":true,"showParticleSystems":true},"in2DMode":false,"pivot":{"x":-2.7260000705718996,"y":2.122999906539917,"z":0.050000011920928958},"rotation":{"x":0.05997302383184433,"y":-0.008942383341491223,"z":0.0005366952391341329,"w":0.9981598258018494},"size":24.162351608276368,"orthographic":false}