{"cameraMode":{"drawMode":0,"name":"Shaded","section":"Shading Mode"},"sceneLighting":true,"audioPlay":false,"sceneViewState":{"showFog":true,"showMaterialUpdate":true,"showSkybox":true,"showFlares":true,"showImageEffects":true,"showParticleSystems":true},"in2DMode":false,"pivot":{"x":-2.967970848083496,"y":10.681441307067871,"z":6.811161994934082},"rotation":{"x":0.0719134509563446,"y":-0.0313725583255291,"z":0.002262453082948923,"w":0.996914803981781},"size":66.57847595214844,"orthographic":false}