{"cameraMode":{"drawMode":0,"name":"Shaded","section":"Shading Mode"},"sceneLighting":false,"audioPlay":false,"sceneViewState":{"showFog":true,"showMaterialUpdate":true,"showSkybox":false,"showFlares":true,"showImageEffects":true,"showParticleSystems":true},"in2DMode":false,"pivot":{"x":4.144556522369385,"y":1.9631555080413819,"z":3.5075271129608156},"rotation":{"x":0.03314467892050743,"y":-0.0910571739077568,"z":-0.0030322487000375988,"w":-0.9952893853187561},"size":7.2121100425720219,"orthographic":false}