{"cameraMode":{"drawMode":0,"name":"Shaded","section":"Shading Mode"},"sceneLighting":false,"audioPlay":false,"sceneViewState":{"showFog":true,"showMaterialUpdate":true,"showSkybox":false,"showFlares":true,"showImageEffects":true,"showParticleSystems":true},"in2DMode":false,"pivot":{"x":-0.6722354888916016,"y":1.762693166732788,"z":9.571317672729493},"rotation":{"x":-0.053519975394010547,"y":0.6950994729995728,"z":-0.05202817916870117,"w":-0.7150282859802246},"size":22.0,"orthographic":false}