{"cameraMode":{"drawMode":0,"name":"Shaded","section":"Shading Mode"},"sceneLighting":true,"audioPlay":false,"sceneViewState":{"showFog":true,"showMaterialUpdate":true,"showSkybox":true,"showFlares":true,"showImageEffects":true,"showParticleSystems":true},"in2DMode":false,"pivot":{"x":120.16072082519531,"y":-17.50290870666504,"z":-23.405960083007814},"rotation":{"x":0.04901918023824692,"y":0.7426593899726868,"z":-0.05469279736280441,"w":0.6656296849250794},"size":135.07980346679688,"orthographic":false}