{"cameraMode":{"drawMode":0,"name":"Shaded","section":"Shading Mode"},"sceneLighting":true,"audioPlay":false,"sceneViewState":{"showFog":true,"showMaterialUpdate":true,"showSkybox":true,"showFlares":true,"showImageEffects":true,"showParticleSystems":true},"in2DMode":false,"pivot":{"x":493.4325256347656,"y":329.9352722167969,"z":233.5346221923828},"rotation":{"x":0.10630705207586289,"y":0.007498490624129772,"z":-0.0008023061673156917,"w":0.9943048357963562},"size":974.390625,"orthographic":false}