{"cameraMode":{"drawMode":0,"name":"Shaded","section":"Shading Mode"},"sceneLighting":false,"audioPlay":false,"sceneViewState":{"showFog":true,"showMaterialUpdate":true,"showSkybox":false,"showFlares":true,"showImageEffects":true,"showParticleSystems":true},"in2DMode":false,"pivot":{"x":74.58120727539063,"y":-47.3046875,"z":124.06444549560547},"rotation":{"x":0.15017668902873994,"y":0.3129785358905792,"z":-0.05019144341349602,"w":0.9364680051803589},"size":2.3963723182678224,"orthographic":false}