{"cameraMode":{"drawMode":0,"name":"Shaded","section":"Shading Mode"},"sceneLighting":true,"audioPlay":false,"sceneViewState":{"showFog":true,"showMaterialUpdate":true,"showSkybox":true,"showFlares":true,"showImageEffects":true,"showParticleSystems":true},"in2DMode":false,"pivot":{"x":591.0130615234375,"y":315.6361999511719,"z":7.2958984375},"rotation":{"x":0.06586174666881561,"y":0.05539191886782646,"z":-0.003662414150312543,"w":0.9962834119796753},"size":964.71875,"orthographic":false}