{"cameraMode":{"drawMode":0,"name":"Shaded","section":"Shading Mode"},"sceneLighting":false,"audioPlay":false,"sceneViewState":{"showFog":true,"showMaterialUpdate":true,"showSkybox":false,"showFlares":true,"showImageEffects":true,"showParticleSystems":true},"in2DMode":false,"pivot":{"x":-3.2794628143310549,"y":7.859589576721191,"z":-46.3565559387207},"rotation":{"x":0.09996252506971359,"y":0.08649267256259918,"z":-0.008723490871489048,"w":0.9911863803863525},"size":0.9713460803031921,"orthographic":false}