{"cameraMode":{"drawMode":0,"name":"Shaded","section":"Shading Mode"},"sceneLighting":false,"audioPlay":false,"sceneViewState":{"showFog":true,"showMaterialUpdate":true,"showSkybox":false,"showFlares":true,"showImageEffects":true,"showParticleSystems":true},"in2DMode":false,"pivot":{"x":-3.9000000953674318,"y":3.2300000190734865,"z":-14.050000190734864},"rotation":{"x":0.09394580125808716,"y":0.7589729428291321,"z":-0.11238880455493927,"w":0.6344312429428101},"size":17.52117347717285,"orthographic":false}