{"cameraMode":{"drawMode":0,"name":"Shaded","section":"Shading Mode"},"sceneLighting":false,"audioPlay":false,"sceneViewState":{"showFog":true,"showMaterialUpdate":true,"showSkybox":false,"showFlares":true,"showImageEffects":true,"showParticleSystems":true},"in2DMode":false,"pivot":{"x":66.94404602050781,"y":-24.916824340820314,"z":22.461620330810548},"rotation":{"x":0.1418112814426422,"y":0.5835450887680054,"z":-0.10438690334558487,"w":0.7927597761154175},"size":4.041658401489258,"orthographic":false}