{"cameraMode":{"drawMode":0,"name":"Shaded","section":"Shading Mode"},"sceneLighting":false,"audioPlay":false,"sceneViewState":{"showFog":true,"showMaterialUpdate":true,"showSkybox":false,"showFlares":true,"showImageEffects":true,"showParticleSystems":true},"in2DMode":false,"pivot":{"x":2.361999988555908,"y":0.6549999713897705,"z":4.675000190734863},"rotation":{"x":0.0013006222434341908,"y":0.9184929728507996,"z":0.003021197160705924,"w":-0.39542362093925478},"size":19.883888244628908,"orthographic":false}