{"cameraMode":{"drawMode":0,"name":"Shaded","section":"Shading Mode"},"sceneLighting":true,"audioPlay":false,"sceneViewState":{"showFog":true,"showMaterialUpdate":true,"showSkybox":true,"showFlares":true,"showImageEffects":true,"showParticleSystems":true},"in2DMode":false,"pivot":{"x":-0.7328243255615234,"y":22.8964786529541,"z":8.727051734924317},"rotation":{"x":0.0719134509563446,"y":-0.0313725583255291,"z":0.002262453082948923,"w":0.996914803981781},"size":76.44054412841797,"orthographic":false}