{"cameraMode":{"drawMode":0,"name":"Shaded","section":"Shading Mode"},"sceneLighting":false,"audioPlay":false,"sceneViewState":{"showFog":true,"showMaterialUpdate":true,"showSkybox":false,"showFlares":true,"showImageEffects":true,"showParticleSystems":true},"in2DMode":false,"pivot":{"x":3.4204001426696779,"y":-0.40540003776550295,"z":-1.5454001426696778},"rotation":{"x":0.04901918023824692,"y":0.7426593899726868,"z":-0.05469279736280441,"w":0.6656296849250794},"size":20.276065826416017,"orthographic":false}