{"cameraMode":{"drawMode":0,"name":"Shaded","section":"Shading Mode"},"sceneLighting":false,"audioPlay":false,"sceneViewState":{"showFog":true,"showMaterialUpdate":true,"showSkybox":false,"showFlares":true,"showImageEffects":true,"showParticleSystems":true},"in2DMode":false,"pivot":{"x":5.519999980926514,"y":0.5,"z":4.849999904632568},"rotation":{"x":0.06967377662658692,"y":0.30360114574432375,"z":-0.022266829386353494,"w":0.9499874711036682},"size":2.8578836917877199,"orthographic":false}